Particle Addition Algorithm,Time Averaged Cell Score Standard Deviation,Time Averaged Mean Score,Time Averaged Maximum Score
"Random, oscillating V",0.01756865671641791,0.005158706467661692,0.12560049751243782
"Histogram, oscillating V",0.014391542288557211,0.0038726368159203986,0.10112537313432836
"Gaussian, oscillating V",0.012969651741293534,0.003367164179104478,0.0921955223880597
"Cutoff-w1, oscillating V",0.01175721393034826,0.002488557213930348,0.08865174129353236
"Cutoff-c1, oscillating V",0.011590547263681592,0.002369651741293532,0.08761094527363184
"Uniform, oscillating V",0.013403980099502487,0.0037497512437810947,0.09195373134328359
"Triangular, oscillating V",0.01175721393034826,0.002488557213930348,0.08865174129353236
"Epanechnikov, oscillating V",0.013650248756218904,0.0038850746268656714,0.09119502487562188
