Particle Addition Algorithm,Time Averaged Cell Score Standard Deviation,Time Averaged Mean Score,Time Averaged Maximum Score
"Random, constant V",0.02962636815920398,0.009094527363184082,0.2564363184079602
"Histogram, constant V",0.02486716417910448,0.007705970149253732,0.21339552238805973
"Gaussian, constant V",0.01647960199004975,0.006562189054726368,0.09141940298507463
"Cutoff-w1, constant V",0.010076616915422887,0.002737313432835821,0.0690860696517413
"Cutoff-c1, constant V",0.009837313432835821,0.0030104477611940295,0.07210646766169154
"Uniform, constant V",0.018054726368159205,0.007048756218905474,0.10734825870646765
"Triangular, constant V",0.010076616915422887,0.002737313432835821,0.0690860696517413
