Particle Addition Algorithm,Time Averaged Cell Score Standard Deviation,Time Averaged Mean Score,Time Averaged Maximum Score
"Random, oscillating V",0.01756865671641791,0.005158706467661692,0.12560049751243782
"Histogram, oscillating V",0.014391542288557211,0.0038726368159203986,0.10112537313432836
"Gaussian, oscillating V",0.013679104477611942,0.0037542288557213927,0.09291940298507463
"Cutoff-w1, oscillating V",0.01167960199004975,0.002507960199004975,0.0880860696517413
"Cutoff-c1, oscillating V",0.01169452736318408,0.0024512437810945277,0.08780447761194031
"Uniform, oscillating V",0.013403980099502487,0.0037497512437810947,0.09195373134328359
"Triangular, oscillating V",0.01167960199004975,0.002507960199004975,0.0880860696517413
