Particle Addition Algorithm,Time Averaged Cell Score Standard Deviation,Time Averaged Mean Score,Time Averaged Maximum Score
"Random, oscillating V",0.01756865671641791,0.005158706467661692,0.12560049751243782
"Histogram, oscillating V",0.014391542288557211,0.0038726368159203986,0.10112537313432836
"Gaussian, oscillating V",0.013983084577114427,0.003772139303482587,0.09152835820895523
"Cutoff-w1, oscillating V",0.011802487562189054,0.0025592039800995023,0.08679552238805971
"Cutoff-c1, oscillating V",0.011725373134328356,0.0025134328358208955,0.08731293532338309
"Uniform, oscillating V",0.015202985074626864,0.004738805970149254,0.0932771144278607
"Triangular, oscillating V",0.011802487562189054,0.0025592039800995023,0.08679552238805971
