Particle Addition Algorithm,Time Averaged Cell Score Standard Deviation,Time Averaged Mean Score,Time Averaged Maximum Score
"Random, constant V",0.021392537313432835,0.007291044776119403,0.17071542288557215
"Histogram, constant V",0.013744776119402984,0.004796019900497512,0.09791393034825871
"Gaussian, constant V",0.012685572139303481,0.004640298507462687,0.0784
"Cutoff-w1, constant V",0.009080597014925373,0.00258407960199005,0.060644278606965175
"Cutoff-c1, constant V",0.008334825870646767,0.002446268656716418,0.058542786069651735
"Uniform, constant V",0.012350746268656716,0.004520398009950248,0.07983034825870647
"Triangular, constant V",0.009080597014925373,0.00258407960199005,0.060644278606965175
"Epanechnikov, constant V",0.012979601990049753,0.004779601990049751,0.08034427860696516
