Particle Addition Algorithm,Time Averaged Cell Score Standard Deviation,Time Averaged Mean Score,Time Averaged Maximum Score
"Random, constant V",0.021392537313432835,0.007291044776119403,0.17071542288557215
"Histogram, constant V",0.013744776119402984,0.004796019900497512,0.09791393034825871
"Gaussian, constant V",0.011992039800995025,0.00433681592039801,0.07456616915422885
"Cutoff-w1, constant V",0.008707462686567165,0.002514925373134328,0.05777462686567164
"Cutoff-c1, constant V",0.008741791044776119,0.002350746268656716,0.060731840796019905
"Uniform, constant V",0.014054228855721392,0.00551592039800995,0.07942238805970149
"Triangular, constant V",0.008707462686567165,0.002514925373134328,0.05777462686567164
