Particle Addition Algorithm,Time Averaged Cell Score Standard Deviation,Time Averaged Mean Score,Time Averaged Maximum Score
"Random, oscillating V",0.02599253731343284,0.007611442786069652,0.22279402985074626
"Histogram, oscillating V",0.02055572139303483,0.0059611940298507455,0.17066567164179106
"Gaussian, oscillating V",0.015832835820895525,0.0054547263681592045,0.08872636815920398
"Cutoff-w1, oscillating V",0.008911442786069652,0.002201990049751244,0.06489402985074627
"Cutoff-c1, oscillating V",0.008691044776119403,0.0020845771144278606,0.0639318407960199
"Uniform, oscillating V",0.020231840796019897,0.0072313432835820896,0.10396417910447761
"Triangular, oscillating V",0.008911442786069652,0.002201990049751244,0.06489402985074627
