Particle Addition Algorithm,Time Averaged Cell Score Standard Deviation,Time Averaged Mean Score,Time Averaged Maximum Score
"Histogram, constant V",0.009850248756218904,0.002094029850746269,0.05848855721393035
"Gaussian, oscillating V",0.02859850746268657,0.009820398009950248,0.16521940298507462
"Cutoff-w1, oscillating V",0.020871641791044778,0.007639303482587064,0.11029800995024874
"Cutoff-c1, oscillating V",0.02049303482587065,0.00728905472636816,0.11291641791044776
"Uniform, oscillating V",0.02431243781094528,0.008780597014925373,0.12978059701492536
"Triangular, oscillating V",0.020871641791044778,0.007639303482587064,0.11029800995024874
