Particle Addition Algorithm,Time Averaged Cell Score Standard Deviation,Time Averaged Mean Score,Time Averaged Maximum Score
"Random, constant V",0.021392537313432835,0.007291044776119403,0.17071542288557215
"Histogram, constant V",0.013744776119402984,0.004796019900497512,0.09791393034825871
"Gaussian, constant V",0.012381592039800996,0.004479601990049751,0.07742139303482586
"Cutoff-w1, constant V",0.008975124378109453,0.0025407960199004976,0.061141293532338305
"Cutoff-c1, constant V",0.008644776119402986,0.002418407960199005,0.06105870646766169
"Uniform, constant V",0.012350746268656716,0.004520398009950248,0.07983034825870647
"Triangular, constant V",0.008975124378109453,0.0025407960199004976,0.061141293532338305
