Particle Addition Algorithm,Time Averaged Cell Score Standard Deviation,Time Averaged Mean Score,Time Averaged Maximum Score
"Random, oscillating V",0.02599253731343284,0.007611442786069652,0.22279402985074626
"Histogram, oscillating V",0.01795323383084577,0.005018407960199004,0.15021094527363182
"Gaussian, oscillating V",0.015064179104477613,0.005056716417910448,0.08516119402985074
"Cutoff-w1, oscillating V",0.008743781094527362,0.002185572139303482,0.06411293532338308
"Cutoff-c1, oscillating V",0.008627363184079603,0.0020761194029850745,0.06349104477611942
"Uniform, oscillating V",0.018885572139303485,0.0065378109452736335,0.10276517412935322
"Triangular, oscillating V",0.008743781094527362,0.002185572139303482,0.06411293532338308
