Particle Removal Algorithm,Time Averaged Cell Score Standard Deviation,Time Averaged Mean Score,Time Averaged Maximum Score
"Random, constant V",0.06210696517412935,0.013345273631840796,0.6581398009950249
"Gaussian, constant V",0.009980597014925372,0.0021835820895522388,0.05804378109452737
"Cutoff-w1, constant V",0.010501990049751246,0.002300497512437811,0.061581094527363184
"Cutoff-c1, constant V",0.009943781094527362,0.0021263681592039803,0.05920696517412936
"Uniform, constant V",0.010519900497512436,0.0023432835820895526,0.06402288557213931
"Triangular, constant V",0.010501990049751246,0.002300497512437811,0.061581094527363184
"Epanechnikov, constant V",0.010040298507462686,0.0021656716417910444,0.05892935323383084
