Particle Removal Algorithm,Time Averaged Cell Score Standard Deviation,Time Averaged Mean Score,Time Averaged Maximum Score
"Random, oscillating V",0.13613880597014927,0.04001044776119403,0.835955223880597
"Gaussian, oscillating V",0.028825870646766172,0.007275621890547265,0.2701398009950249
"Cutoff-w1, oscillating V",0.01863781094527363,0.005317412935323383,0.1356412935323383
"Cutoff-c1, oscillating V",0.016012935323383083,0.004625870646766169,0.1104955223880597
"Uniform, oscillating V",0.030627363184079603,0.008725870646766169,0.2302089552238806
"Triangular, oscillating V",0.01863781094527363,0.005317412935323383,0.1356412935323383
"Epanechnikov, oscillating V",0.02881542288557214,0.007840298507462687,0.2236865671641791
