Particle Removal Algorithm,Time Averaged Cell Score Standard Deviation,Time Averaged Mean Score,Time Averaged Maximum Score
"Random, oscillating V",0.13613880597014927,0.04001044776119403,0.835955223880597
"Gaussian, oscillating V",0.030929353233830847,0.007988059701492536,0.2782243781094528
"Cutoff-w1, oscillating V",0.017645273631840794,0.004756716417910448,0.1403283582089552
"Cutoff-c1, oscillating V",0.014191044776119405,0.004119402985074627,0.09082039800995025
"Uniform, oscillating V",0.033159701492537316,0.009321393034825872,0.26914228855721395
"Triangular, oscillating V",0.017645273631840794,0.004756716417910448,0.1403283582089552
