Particle Removal Algorithm,Time Averaged Cell Score Standard Deviation,Time Averaged Mean Score,Time Averaged Maximum Score
"Random, constant V",0.06210696517412935,0.013345273631840796,0.6581398009950249
"Gaussian, constant V",0.009911442786069652,0.002128358208955224,0.057955223880597005
"Cutoff-w1, constant V",0.010427363184079604,0.0022955223880597015,0.060992039800995025
"Cutoff-c1, constant V",0.009850248756218904,0.002094029850746269,0.05848855721393035
"Uniform, constant V",0.01095771144278607,0.0024074626865671638,0.06986965174129352
"Triangular, constant V",0.010427363184079604,0.0022955223880597015,0.060992039800995025
